Time_ns,Sine_Out,Sine_Out_Normalized
115000,0,0.000000
125000,0,0.000000
135000,2009,0.061310
145000,4011,0.122406
155000,5998,0.183044
165000,7962,0.242981
175000,9896,0.302002
185000,11793,0.359894
195000,13645,0.416412
205000,15446,0.471375
215000,17530,0.534973
225000,19195,0.585785
235000,20787,0.634369
245000,22301,0.680573
255000,23731,0.724213
265000,25072,0.765137
275000,26319,0.803192
285000,27466,0.838196
295000,28706,0.876038
305000,29621,0.903961
315000,30424,0.928467
325000,31113,0.949493
335000,31685,0.966949
345000,32137,0.980743
355000,32469,0.990875
365000,32678,0.997253
375000,32765,0.999908
385000,32678,0.997253
395000,32469,0.990875
405000,32137,0.980743
415000,31685,0.966949
425000,31113,0.949493
435000,30424,0.928467
445000,29621,0.903961
455000,28706,0.876038
465000,27466,0.838196
475000,26319,0.803192
485000,25072,0.765137
495000,23731,0.724213
505000,22301,0.680573
515000,20787,0.634369
525000,19195,0.585785
535000,17530,0.534973
545000,15446,0.471375
555000,13645,0.416412
565000,11793,0.359894
575000,9896,0.302002
585000,7962,0.242981
595000,5998,0.183044
605000,4011,0.122406
615000,2009,0.061310
625000,0,0.000000
635000,-2009,-0.061310
645000,-4011,-0.122406
655000,-5998,-0.183044
665000,-7962,-0.242981
675000,-9896,-0.302002
685000,-11793,-0.359894
695000,-13645,-0.416412
705000,-15446,-0.471375
715000,-17530,-0.534973
725000,-19195,-0.585785
735000,-20787,-0.634369
745000,-22301,-0.680573
755000,-23731,-0.724213
765000,-25072,-0.765137
775000,-26319,-0.803192
785000,-27466,-0.838196
795000,-28706,-0.876038
805000,-29621,-0.903961
815000,-30424,-0.928467
825000,-31113,-0.949493
835000,-31685,-0.966949
845000,-32137,-0.980743
855000,-32469,-0.990875
865000,-32678,-0.997253
875000,-32765,-0.999908
885000,-32678,-0.997253
895000,-32469,-0.990875
905000,-32137,-0.980743
915000,-31685,-0.966949
925000,-31113,-0.949493
935000,-30424,-0.928467
945000,-29621,-0.903961
955000,-28706,-0.876038
965000,-27466,-0.838196
975000,-26319,-0.803192
985000,-25072,-0.765137
995000,-23731,-0.724213
1005000,-22301,-0.680573
1015000,-20787,-0.634369
1025000,-19195,-0.585785
1035000,-17530,-0.534973
1045000,-15446,-0.471375
1055000,-13645,-0.416412
1065000,-11793,-0.359894
1075000,-9896,-0.302002
1085000,-7962,-0.242981
1095000,-5998,-0.183044
1105000,-4011,-0.122406
1115000,-2009,-0.061310
1125000,0,0.000000
1135000,2009,0.061310
1145000,4011,0.122406
1155000,5998,0.183044
1165000,7962,0.242981
1175000,9896,0.302002
1185000,11793,0.359894
1195000,13645,0.416412
1205000,15446,0.471375
1215000,17530,0.534973
1225000,19195,0.585785
1235000,20787,0.634369
1245000,22301,0.680573
1255000,23731,0.724213
1265000,25072,0.765137
1275000,26319,0.803192
1285000,27466,0.838196
1295000,28706,0.876038
1305000,29621,0.903961
1315000,30424,0.928467
1325000,31113,0.949493
1335000,31685,0.966949
1345000,32137,0.980743
1355000,32469,0.990875
1365000,32678,0.997253
1375000,32765,0.999908
1385000,32678,0.997253
1395000,32469,0.990875
1405000,32137,0.980743
1415000,31685,0.966949
1425000,31113,0.949493
1435000,30424,0.928467
1445000,29621,0.903961
1455000,28706,0.876038
1465000,27466,0.838196
1475000,26319,0.803192
1485000,25072,0.765137
1495000,23731,0.724213
1505000,22301,0.680573
1515000,20787,0.634369
1525000,19195,0.585785
1535000,17530,0.534973
1545000,15446,0.471375
1555000,13645,0.416412
1565000,11793,0.359894
1575000,9896,0.302002
1585000,7962,0.242981
1595000,5998,0.183044
1605000,4011,0.122406
1615000,2009,0.061310
1625000,0,0.000000
1635000,-2009,-0.061310
1645000,-4011,-0.122406
1655000,-5998,-0.183044
1665000,-7962,-0.242981
1675000,-9896,-0.302002
1685000,-11793,-0.359894
1695000,-13645,-0.416412
1705000,-15446,-0.471375
1715000,-17530,-0.534973
1725000,-19195,-0.585785
1735000,-20787,-0.634369
1745000,-22301,-0.680573
1755000,-23731,-0.724213
1765000,-25072,-0.765137
1775000,-26319,-0.803192
1785000,-27466,-0.838196
1795000,-28706,-0.876038
1805000,-29621,-0.903961
1815000,-30424,-0.928467
1825000,-31113,-0.949493
1835000,-31685,-0.966949
1845000,-32137,-0.980743
1855000,-32469,-0.990875
1865000,-32678,-0.997253
1875000,-32765,-0.999908
1885000,-32678,-0.997253
1895000,-32469,-0.990875
1905000,-32137,-0.980743
1915000,-31685,-0.966949
1925000,-31113,-0.949493
1935000,-30424,-0.928467
1945000,-29621,-0.903961
1955000,-28706,-0.876038
1965000,-27466,-0.838196
1975000,-26319,-0.803192
1985000,-25072,-0.765137
1995000,-23731,-0.724213
2005000,-22301,-0.680573
2015000,-20787,-0.634369
2025000,-19195,-0.585785
2035000,-17530,-0.534973
2045000,-15446,-0.471375
2055000,-13645,-0.416412
2065000,-11793,-0.359894
2075000,-9896,-0.302002
2085000,-7962,-0.242981
2095000,-5998,-0.183044
2105000,-4011,-0.122406
2115000,-2009,-0.061310
2125000,0,0.000000
2135000,2009,0.061310
2145000,4011,0.122406
2155000,5998,0.183044
2165000,7962,0.242981
2175000,9896,0.302002
2185000,11793,0.359894
2195000,13645,0.416412
2205000,15446,0.471375
2215000,17530,0.534973
2225000,19195,0.585785
2235000,20787,0.634369
2245000,22301,0.680573
2255000,23731,0.724213
2265000,25072,0.765137
2275000,26319,0.803192
2285000,27466,0.838196
2295000,28706,0.876038
2305000,29621,0.903961
2315000,30424,0.928467
2325000,31113,0.949493
2335000,31685,0.966949
2345000,32137,0.980743
2355000,32469,0.990875
2365000,32678,0.997253
2375000,32765,0.999908
2385000,32678,0.997253
2395000,32469,0.990875
2405000,32137,0.980743
2415000,31685,0.966949
2425000,31113,0.949493
2435000,30424,0.928467
2445000,29621,0.903961
2455000,28706,0.876038
2465000,27466,0.838196
2475000,26319,0.803192
2485000,25072,0.765137
2495000,23731,0.724213
2505000,22301,0.680573
2515000,20787,0.634369
2525000,19195,0.585785
2535000,17530,0.534973
2545000,15446,0.471375
2555000,13645,0.416412
2565000,11793,0.359894
2575000,9896,0.302002
2585000,7962,0.242981
2595000,5998,0.183044
2605000,4011,0.122406
2615000,2009,0.061310
2625000,0,0.000000
2635000,-2009,-0.061310
2645000,-4011,-0.122406
2655000,-5998,-0.183044
2665000,-7962,-0.242981
2675000,-9896,-0.302002
2685000,-11793,-0.359894
2695000,-13645,-0.416412
2705000,-15446,-0.471375
2715000,-17530,-0.534973
2725000,-19195,-0.585785
2735000,-20787,-0.634369
2745000,-22301,-0.680573
2755000,-23731,-0.724213
2765000,-25072,-0.765137
2775000,-26319,-0.803192
2785000,-27466,-0.838196
2795000,-28706,-0.876038
2805000,-29621,-0.903961
2815000,-30424,-0.928467
2825000,-31113,-0.949493
2835000,-31685,-0.966949
2845000,-32137,-0.980743
2855000,-32469,-0.990875
2865000,-32678,-0.997253
2875000,-32765,-0.999908
2885000,-32678,-0.997253
2895000,-32469,-0.990875
2905000,-32137,-0.980743
2915000,-31685,-0.966949
2925000,-31113,-0.949493
2935000,-30424,-0.928467
2945000,-29621,-0.903961
2955000,-28706,-0.876038
2965000,-27466,-0.838196
2975000,-26319,-0.803192
2985000,-25072,-0.765137
2995000,-23731,-0.724213
3005000,-22301,-0.680573
3015000,-20787,-0.634369
3025000,-19195,-0.585785
3035000,-17530,-0.534973
3045000,-15446,-0.471375
3055000,-13645,-0.416412
3065000,-11793,-0.359894
3075000,-9896,-0.302002
3085000,-7962,-0.242981
3095000,-5998,-0.183044
3105000,-4011,-0.122406
3115000,-2009,-0.061310
3125000,0,0.000000
3135000,2009,0.061310
3145000,4011,0.122406
3155000,5998,0.183044
3165000,7962,0.242981
3175000,9896,0.302002
3185000,11793,0.359894
3195000,13645,0.416412
3205000,15446,0.471375
3215000,17530,0.534973
3225000,19195,0.585785
3235000,20787,0.634369
3245000,22301,0.680573
3255000,23731,0.724213
3265000,25072,0.765137
3275000,26319,0.803192
3285000,27466,0.838196
3295000,28706,0.876038
3305000,29621,0.903961
3315000,30424,0.928467
3325000,31113,0.949493
3335000,31685,0.966949
3345000,32137,0.980743
3355000,32469,0.990875
3365000,32678,0.997253
3375000,32765,0.999908
3385000,32678,0.997253
3395000,32469,0.990875
3405000,32137,0.980743
3415000,31685,0.966949
3425000,31113,0.949493
3435000,30424,0.928467
3445000,29621,0.903961
3455000,28706,0.876038
3465000,27466,0.838196
3475000,26319,0.803192
3485000,25072,0.765137
3495000,23731,0.724213
3505000,22301,0.680573
3515000,20787,0.634369
3525000,19195,0.585785
3535000,17530,0.534973
3545000,15446,0.471375
3555000,13645,0.416412
3565000,11793,0.359894
3575000,9896,0.302002
3585000,7962,0.242981
3595000,5998,0.183044
3605000,4011,0.122406
3615000,2009,0.061310
3625000,0,0.000000
3635000,-2009,-0.061310
3645000,-4011,-0.122406
3655000,-5998,-0.183044
3665000,-7962,-0.242981
3675000,-9896,-0.302002
3685000,-11793,-0.359894
3695000,-13645,-0.416412
3705000,-15446,-0.471375
3715000,-17530,-0.534973
3725000,-19195,-0.585785
3735000,-20787,-0.634369
3745000,-22301,-0.680573
3755000,-23731,-0.724213
3765000,-25072,-0.765137
3775000,-26319,-0.803192
3785000,-27466,-0.838196
3795000,-28706,-0.876038
3805000,-29621,-0.903961
3815000,-30424,-0.928467
3825000,-31113,-0.949493
3835000,-31685,-0.966949
3845000,-32137,-0.980743
3855000,-32469,-0.990875
3865000,-32678,-0.997253
3875000,-32765,-0.999908
3885000,-32678,-0.997253
3895000,-32469,-0.990875
3905000,-32137,-0.980743
3915000,-31685,-0.966949
3925000,-31113,-0.949493
3935000,-30424,-0.928467
3945000,-29621,-0.903961
3955000,-28706,-0.876038
3965000,-27466,-0.838196
3975000,-26319,-0.803192
3985000,-25072,-0.765137
3995000,-23731,-0.724213
4005000,-22301,-0.680573
4015000,-20787,-0.634369
4025000,-19195,-0.585785
4035000,-17530,-0.534973
4045000,-15446,-0.471375
4055000,-13645,-0.416412
4065000,-11793,-0.359894
4075000,-9896,-0.302002
4085000,-7962,-0.242981
4095000,-5998,-0.183044
4105000,-4011,-0.122406
4115000,-2009,-0.061310
4125000,0,0.000000
4135000,2009,0.061310
4145000,4011,0.122406
4155000,5998,0.183044
4165000,7962,0.242981
4175000,9896,0.302002
4185000,11793,0.359894
4195000,13645,0.416412
4205000,15446,0.471375
4215000,17530,0.534973
4225000,19195,0.585785
4235000,20787,0.634369
4245000,22301,0.680573
4255000,23731,0.724213
4265000,25072,0.765137
4275000,26319,0.803192
4285000,27466,0.838196
4295000,28706,0.876038
4305000,29621,0.903961
4315000,30424,0.928467
4325000,31113,0.949493
4335000,31685,0.966949
4345000,32137,0.980743
4355000,32469,0.990875
4365000,32678,0.997253
4375000,32765,0.999908
4385000,32678,0.997253
4395000,32469,0.990875
4405000,32137,0.980743
4415000,31685,0.966949
4425000,31113,0.949493
4435000,30424,0.928467
4445000,29621,0.903961
4455000,28706,0.876038
4465000,27466,0.838196
4475000,26319,0.803192
4485000,25072,0.765137
4495000,23731,0.724213
4505000,22301,0.680573
4515000,20787,0.634369
4525000,19195,0.585785
4535000,17530,0.534973
4545000,15446,0.471375
4555000,13645,0.416412
4565000,11793,0.359894
4575000,9896,0.302002
4585000,7962,0.242981
4595000,5998,0.183044
4605000,4011,0.122406
4615000,2009,0.061310
4625000,0,0.000000
4635000,-2009,-0.061310
4645000,-4011,-0.122406
4655000,-5998,-0.183044
4665000,-7962,-0.242981
4675000,-9896,-0.302002
4685000,-11793,-0.359894
4695000,-13645,-0.416412
4705000,-15446,-0.471375
4715000,-17530,-0.534973
4725000,-19195,-0.585785
4735000,-20787,-0.634369
4745000,-22301,-0.680573
4755000,-23731,-0.724213
4765000,-25072,-0.765137
4775000,-26319,-0.803192
4785000,-27466,-0.838196
4795000,-28706,-0.876038
4805000,-29621,-0.903961
4815000,-30424,-0.928467
4825000,-31113,-0.949493
4835000,-31685,-0.966949
4845000,-32137,-0.980743
4855000,-32469,-0.990875
4865000,-32678,-0.997253
4875000,-32765,-0.999908
4885000,-32678,-0.997253
4895000,-32469,-0.990875
4905000,-32137,-0.980743
4915000,-31685,-0.966949
4925000,-31113,-0.949493
4935000,-30424,-0.928467
4945000,-29621,-0.903961
4955000,-28706,-0.876038
4965000,-27466,-0.838196
4975000,-26319,-0.803192
4985000,-25072,-0.765137
4995000,-23731,-0.724213
5005000,-22301,-0.680573
5015000,-20787,-0.634369
5025000,-19195,-0.585785
5035000,-17530,-0.534973
5045000,-15446,-0.471375
5055000,-13645,-0.416412
5065000,-11793,-0.359894
5075000,-9896,-0.302002
5085000,-7962,-0.242981
5095000,-5998,-0.183044
5105000,-4011,-0.122406
5115000,-2009,-0.061310
5125000,0,0.000000
5135000,2009,0.061310
5145000,4011,0.122406
5155000,5998,0.183044
5165000,7962,0.242981
5175000,9896,0.302002
5185000,11793,0.359894
5195000,13645,0.416412
5205000,15446,0.471375
5215000,17530,0.534973
5225000,19195,0.585785
5235000,20787,0.634369
5245000,22301,0.680573
5255000,23731,0.724213
5265000,25072,0.765137
5275000,26319,0.803192
5285000,27466,0.838196
5295000,28706,0.876038
5305000,29621,0.903961
5315000,30424,0.928467
5325000,31113,0.949493
5335000,31685,0.966949
5345000,32137,0.980743
5355000,32469,0.990875
5365000,32678,0.997253
5375000,32765,0.999908
5385000,32678,0.997253
5395000,32469,0.990875
5405000,32137,0.980743
5415000,31685,0.966949
5425000,31113,0.949493
5435000,30424,0.928467
5445000,29621,0.903961
5455000,28706,0.876038
5465000,27466,0.838196
5475000,26319,0.803192
5485000,25072,0.765137
5495000,23731,0.724213
5505000,22301,0.680573
5515000,20787,0.634369
5525000,19195,0.585785
5535000,17530,0.534973
5545000,15446,0.471375
5555000,13645,0.416412
5565000,11793,0.359894
5575000,9896,0.302002
5585000,7962,0.242981
5595000,5998,0.183044
5605000,4011,0.122406
5615000,2009,0.061310
5625000,0,0.000000
5635000,-2009,-0.061310
5645000,-4011,-0.122406
5655000,-5998,-0.183044
5665000,-7962,-0.242981
5675000,-9896,-0.302002
5685000,-11793,-0.359894
5695000,-13645,-0.416412
5705000,-15446,-0.471375
5715000,-17530,-0.534973
5725000,-19195,-0.585785
5735000,-20787,-0.634369
5745000,-22301,-0.680573
5755000,-23731,-0.724213
5765000,-25072,-0.765137
5775000,-26319,-0.803192
5785000,-27466,-0.838196
5795000,-28706,-0.876038
5805000,-29621,-0.903961
5815000,-30424,-0.928467
5825000,-31113,-0.949493
5835000,-31685,-0.966949
5845000,-32137,-0.980743
5855000,-32469,-0.990875
5865000,-32678,-0.997253
5875000,-32765,-0.999908
5885000,-32678,-0.997253
5895000,-32469,-0.990875
5905000,-32137,-0.980743
5915000,-31685,-0.966949
5925000,-31113,-0.949493
5935000,-30424,-0.928467
5945000,-29621,-0.903961
5955000,-28706,-0.876038
5965000,-27466,-0.838196
5975000,-26319,-0.803192
5985000,-25072,-0.765137
5995000,-23731,-0.724213
6005000,-22301,-0.680573
6015000,-20787,-0.634369
6025000,-19195,-0.585785
6035000,-17530,-0.534973
6045000,-15446,-0.471375
6055000,-13645,-0.416412
6065000,-11793,-0.359894
6075000,-9896,-0.302002
6085000,-7962,-0.242981
6095000,-5998,-0.183044
6105000,-4011,-0.122406
6115000,-2009,-0.061310
6125000,0,0.000000
6135000,2009,0.061310
6145000,4011,0.122406
6155000,5998,0.183044
6165000,7962,0.242981
6175000,9896,0.302002
6185000,11793,0.359894
6195000,13645,0.416412
6205000,15446,0.471375
6215000,17530,0.534973
6225000,19195,0.585785
6235000,20787,0.634369
6245000,22301,0.680573
6255000,23731,0.724213
6265000,25072,0.765137
6275000,26319,0.803192
6285000,27466,0.838196
6295000,28706,0.876038
6305000,29621,0.903961
6315000,30424,0.928467
6325000,31113,0.949493
6335000,31685,0.966949
6345000,32137,0.980743
6355000,32469,0.990875
6365000,32678,0.997253
6375000,32765,0.999908
6385000,32678,0.997253
6395000,32469,0.990875
6405000,32137,0.980743
6415000,31685,0.966949
6425000,31113,0.949493
6435000,30424,0.928467
6445000,29621,0.903961
6455000,28706,0.876038
6465000,27466,0.838196
6475000,26319,0.803192
6485000,25072,0.765137
6495000,23731,0.724213
6505000,22301,0.680573
6515000,20787,0.634369
6525000,19195,0.585785
6535000,17530,0.534973
6545000,15446,0.471375
6555000,13645,0.416412
6565000,11793,0.359894
6575000,9896,0.302002
6585000,7962,0.242981
6595000,5998,0.183044
6605000,4011,0.122406
6615000,2009,0.061310
6625000,0,0.000000
6635000,-2009,-0.061310
6645000,-4011,-0.122406
6655000,-5998,-0.183044
6665000,-7962,-0.242981
6675000,-9896,-0.302002
6685000,-11793,-0.359894
6695000,-13645,-0.416412
6705000,-15446,-0.471375
6715000,-17530,-0.534973
6725000,-19195,-0.585785
6735000,-20787,-0.634369
6745000,-22301,-0.680573
6755000,-23731,-0.724213
6765000,-25072,-0.765137
6775000,-26319,-0.803192
6785000,-27466,-0.838196
6795000,-28706,-0.876038
6805000,-29621,-0.903961
6815000,-30424,-0.928467
6825000,-31113,-0.949493
6835000,-31685,-0.966949
6845000,-32137,-0.980743
6855000,-32469,-0.990875
6865000,-32678,-0.997253
6875000,-32765,-0.999908
6885000,-32678,-0.997253
6895000,-32469,-0.990875
6905000,-32137,-0.980743
6915000,-31685,-0.966949
6925000,-31113,-0.949493
6935000,-30424,-0.928467
6945000,-29621,-0.903961
6955000,-28706,-0.876038
6965000,-27466,-0.838196
6975000,-26319,-0.803192
6985000,-25072,-0.765137
6995000,-23731,-0.724213
7005000,-22301,-0.680573
7015000,-20787,-0.634369
7025000,-19195,-0.585785
7035000,-17530,-0.534973
7045000,-15446,-0.471375
7055000,-13645,-0.416412
7065000,-11793,-0.359894
7075000,-9896,-0.302002
7085000,-7962,-0.242981
7095000,-5998,-0.183044
7105000,-4011,-0.122406
7115000,-2009,-0.061310
7125000,0,0.000000
7135000,2009,0.061310
7145000,4011,0.122406
7155000,5998,0.183044
7165000,7962,0.242981
7175000,9896,0.302002
7185000,11793,0.359894
7195000,13645,0.416412
7205000,15446,0.471375
7215000,17530,0.534973
7225000,19195,0.585785
7235000,20787,0.634369
7245000,22301,0.680573
7255000,23731,0.724213
7265000,25072,0.765137
7275000,26319,0.803192
7285000,27466,0.838196
7295000,28706,0.876038
7305000,29621,0.903961
7315000,30424,0.928467
7325000,31113,0.949493
7335000,31685,0.966949
7345000,32137,0.980743
7355000,32469,0.990875
7365000,32678,0.997253
7375000,32765,0.999908
7385000,32678,0.997253
7395000,32469,0.990875
7405000,32137,0.980743
7415000,31685,0.966949
7425000,31113,0.949493
7435000,30424,0.928467
7445000,29621,0.903961
7455000,28706,0.876038
7465000,27466,0.838196
7475000,26319,0.803192
7485000,25072,0.765137
7495000,23731,0.724213
7505000,22301,0.680573
7515000,20787,0.634369
7525000,19195,0.585785
7535000,17530,0.534973
7545000,15446,0.471375
7555000,13645,0.416412
7565000,11793,0.359894
7575000,9896,0.302002
7585000,7962,0.242981
7595000,5998,0.183044
7605000,4011,0.122406
7615000,2009,0.061310
7625000,0,0.000000
7635000,-2009,-0.061310
7645000,-4011,-0.122406
7655000,-5998,-0.183044
7665000,-7962,-0.242981
7675000,-9896,-0.302002
7685000,-11793,-0.359894
7695000,-13645,-0.416412
7705000,-15446,-0.471375
7715000,-17530,-0.534973
7725000,-19195,-0.585785
7735000,-20787,-0.634369
7745000,-22301,-0.680573
7755000,-23731,-0.724213
7765000,-25072,-0.765137
7775000,-26319,-0.803192
7785000,-27466,-0.838196
7795000,-28706,-0.876038
7805000,-29621,-0.903961
7815000,-30424,-0.928467
7825000,-31113,-0.949493
7835000,-31685,-0.966949
7845000,-32137,-0.980743
7855000,-32469,-0.990875
7865000,-32678,-0.997253
7875000,-32765,-0.999908
7885000,-32678,-0.997253
7895000,-32469,-0.990875
7905000,-32137,-0.980743
7915000,-31685,-0.966949
7925000,-31113,-0.949493
7935000,-30424,-0.928467
7945000,-29621,-0.903961
7955000,-28706,-0.876038
7965000,-27466,-0.838196
7975000,-26319,-0.803192
7985000,-25072,-0.765137
7995000,-23731,-0.724213
8005000,-22301,-0.680573
8015000,-20787,-0.634369
8025000,-19195,-0.585785
8035000,-17530,-0.534973
8045000,-15446,-0.471375
8055000,-13645,-0.416412
8065000,-11793,-0.359894
8075000,-9896,-0.302002
8085000,-7962,-0.242981
8095000,-5998,-0.183044
8105000,-4011,-0.122406
8115000,-2009,-0.061310
8125000,0,0.000000
8135000,2009,0.061310
8145000,4011,0.122406
8155000,5998,0.183044
8165000,7962,0.242981
8175000,9896,0.302002
8185000,11793,0.359894
8195000,13645,0.416412
8205000,15446,0.471375
8215000,17530,0.534973
8225000,19195,0.585785
8235000,20787,0.634369
8245000,22301,0.680573
8255000,23731,0.724213
8265000,25072,0.765137
8275000,26319,0.803192
8285000,27466,0.838196
8295000,28706,0.876038
8305000,29621,0.903961
8315000,30424,0.928467
8325000,31113,0.949493
8335000,31685,0.966949
8345000,32137,0.980743
8355000,32469,0.990875
8365000,32678,0.997253
8375000,32765,0.999908
8385000,32678,0.997253
8395000,32469,0.990875
8405000,32137,0.980743
8415000,31685,0.966949
8425000,31113,0.949493
8435000,30424,0.928467
8445000,29621,0.903961
8455000,28706,0.876038
8465000,27466,0.838196
8475000,26319,0.803192
8485000,25072,0.765137
8495000,23731,0.724213
8505000,22301,0.680573
8515000,20787,0.634369
8525000,19195,0.585785
8535000,17530,0.534973
8545000,15446,0.471375
8555000,13645,0.416412
8565000,11793,0.359894
8575000,9896,0.302002
8585000,7962,0.242981
8595000,5998,0.183044
8605000,4011,0.122406
8615000,2009,0.061310
8625000,0,0.000000
8635000,-2009,-0.061310
8645000,-4011,-0.122406
8655000,-5998,-0.183044
8665000,-7962,-0.242981
8675000,-9896,-0.302002
8685000,-11793,-0.359894
8695000,-13645,-0.416412
8705000,-15446,-0.471375
8715000,-17530,-0.534973
8725000,-19195,-0.585785
8735000,-20787,-0.634369
8745000,-22301,-0.680573
8755000,-23731,-0.724213
8765000,-25072,-0.765137
8775000,-26319,-0.803192
8785000,-27466,-0.838196
8795000,-28706,-0.876038
8805000,-29621,-0.903961
8815000,-30424,-0.928467
8825000,-31113,-0.949493
8835000,-31685,-0.966949
8845000,-32137,-0.980743
8855000,-32469,-0.990875
8865000,-32678,-0.997253
8875000,-32765,-0.999908
8885000,-32678,-0.997253
8895000,-32469,-0.990875
8905000,-32137,-0.980743
8915000,-31685,-0.966949
8925000,-31113,-0.949493
8935000,-30424,-0.928467
8945000,-29621,-0.903961
8955000,-28706,-0.876038
8965000,-27466,-0.838196
8975000,-26319,-0.803192
8985000,-25072,-0.765137
8995000,-23731,-0.724213
9005000,-22301,-0.680573
9015000,-20787,-0.634369
9025000,-19195,-0.585785
9035000,-17530,-0.534973
9045000,-15446,-0.471375
9055000,-13645,-0.416412
9065000,-11793,-0.359894
9075000,-9896,-0.302002
9085000,-7962,-0.242981
9095000,-5998,-0.183044
9105000,-4011,-0.122406
9115000,-2009,-0.061310
9125000,0,0.000000
9135000,2009,0.061310
9145000,4011,0.122406
9155000,5998,0.183044
9165000,7962,0.242981
9175000,9896,0.302002
9185000,11793,0.359894
9195000,13645,0.416412
9205000,15446,0.471375
9215000,17530,0.534973
9225000,19195,0.585785
9235000,20787,0.634369
9245000,22301,0.680573
9255000,23731,0.724213
9265000,25072,0.765137
9275000,26319,0.803192
9285000,27466,0.838196
9295000,28706,0.876038
9305000,29621,0.903961
9315000,30424,0.928467
9325000,31113,0.949493
9335000,31685,0.966949
9345000,32137,0.980743
9355000,32469,0.990875
9365000,32678,0.997253
9375000,32765,0.999908
9385000,32678,0.997253
9395000,32469,0.990875
9405000,32137,0.980743
9415000,31685,0.966949
9425000,31113,0.949493
9435000,30424,0.928467
9445000,29621,0.903961
9455000,28706,0.876038
9465000,27466,0.838196
9475000,26319,0.803192
9485000,25072,0.765137
9495000,23731,0.724213
9505000,22301,0.680573
9515000,20787,0.634369
9525000,19195,0.585785
9535000,17530,0.534973
9545000,15446,0.471375
9555000,13645,0.416412
9565000,11793,0.359894
9575000,9896,0.302002
9585000,7962,0.242981
9595000,5998,0.183044
9605000,4011,0.122406
9615000,2009,0.061310
9625000,0,0.000000
9635000,-2009,-0.061310
9645000,-4011,-0.122406
9655000,-5998,-0.183044
9665000,-7962,-0.242981
9675000,-9896,-0.302002
9685000,-11793,-0.359894
9695000,-13645,-0.416412
9705000,-15446,-0.471375
9715000,-17530,-0.534973
9725000,-19195,-0.585785
9735000,-20787,-0.634369
9745000,-22301,-0.680573
9755000,-23731,-0.724213
9765000,-25072,-0.765137
9775000,-26319,-0.803192
9785000,-27466,-0.838196
9795000,-28706,-0.876038
9805000,-29621,-0.903961
9815000,-30424,-0.928467
9825000,-31113,-0.949493
9835000,-31685,-0.966949
9845000,-32137,-0.980743
9855000,-32469,-0.990875
9865000,-32678,-0.997253
9875000,-32765,-0.999908
9885000,-32678,-0.997253
9895000,-32469,-0.990875
9905000,-32137,-0.980743
9915000,-31685,-0.966949
9925000,-31113,-0.949493
9935000,-30424,-0.928467
9945000,-29621,-0.903961
9955000,-28706,-0.876038
9965000,-27466,-0.838196
9975000,-26319,-0.803192
9985000,-25072,-0.765137
9995000,-23731,-0.724213
10005000,-22301,-0.680573
10015000,-20787,-0.634369
10025000,-19195,-0.585785
10035000,-17530,-0.534973
10045000,-15446,-0.471375
10055000,-13645,-0.416412
10065000,-11793,-0.359894
10075000,-9896,-0.302002
10085000,-7962,-0.242981
10095000,-5998,-0.183044
10105000,-4011,-0.122406
10115000,-2009,-0.061310
10125000,0,0.000000
10135000,9896,0.302002
10145000,19195,0.585785
10155000,26319,0.803192
10165000,31113,0.949493
10175000,32765,0.999908
10185000,31113,0.949493
10195000,26319,0.803192
10205000,19195,0.585785
10215000,9896,0.302002
10225000,0,0.000000
10235000,-9896,-0.302002
10245000,-19195,-0.585785
10255000,-26319,-0.803192
10265000,-31113,-0.949493
10275000,-32765,-0.999908
10285000,-31113,-0.949493
10295000,-26319,-0.803192
10305000,-19195,-0.585785
10315000,-9896,-0.302002
10325000,0,0.000000
10335000,9896,0.302002
10345000,19195,0.585785
10355000,26319,0.803192
10365000,31113,0.949493
10375000,32765,0.999908
10385000,31113,0.949493
10395000,26319,0.803192
10405000,19195,0.585785
10415000,9896,0.302002
10425000,0,0.000000
10435000,-9896,-0.302002
10445000,-19195,-0.585785
10455000,-26319,-0.803192
10465000,-31113,-0.949493
10475000,-32765,-0.999908
10485000,-31113,-0.949493
10495000,-26319,-0.803192
10505000,-19195,-0.585785
10515000,-9896,-0.302002
10525000,0,0.000000
10535000,9896,0.302002
10545000,19195,0.585785
10555000,26319,0.803192
10565000,31113,0.949493
10575000,32765,0.999908
10585000,31113,0.949493
10595000,26319,0.803192
10605000,19195,0.585785
10615000,9896,0.302002
10625000,0,0.000000
10635000,-9896,-0.302002
10645000,-19195,-0.585785
10655000,-26319,-0.803192
10665000,-31113,-0.949493
10675000,-32765,-0.999908
10685000,-31113,-0.949493
10695000,-26319,-0.803192
10705000,-19195,-0.585785
10715000,-9896,-0.302002
10725000,0,0.000000
10735000,9896,0.302002
10745000,19195,0.585785
10755000,26319,0.803192
10765000,31113,0.949493
10775000,32765,0.999908
10785000,31113,0.949493
10795000,26319,0.803192
10805000,19195,0.585785
10815000,9896,0.302002
10825000,0,0.000000
10835000,-9896,-0.302002
10845000,-19195,-0.585785
10855000,-26319,-0.803192
10865000,-31113,-0.949493
10875000,-32765,-0.999908
10885000,-31113,-0.949493
10895000,-26319,-0.803192
10905000,-19195,-0.585785
10915000,-9896,-0.302002
10925000,0,0.000000
10935000,9896,0.302002
10945000,19195,0.585785
10955000,26319,0.803192
10965000,31113,0.949493
10975000,32765,0.999908
10985000,31113,0.949493
10995000,26319,0.803192
11005000,19195,0.585785
11015000,9896,0.302002
11025000,0,0.000000
11035000,-9896,-0.302002
11045000,-19195,-0.585785
11055000,-26319,-0.803192
11065000,-31113,-0.949493
11075000,-32765,-0.999908
11085000,-31113,-0.949493
11095000,-26319,-0.803192
11105000,-19195,-0.585785
11115000,-9896,-0.302002
11125000,0,0.000000
11135000,9896,0.302002
11145000,19195,0.585785
11155000,26319,0.803192
11165000,31113,0.949493
11175000,32765,0.999908
11185000,31113,0.949493
11195000,26319,0.803192
11205000,19195,0.585785
11215000,9896,0.302002
11225000,0,0.000000
11235000,-9896,-0.302002
11245000,-19195,-0.585785
11255000,-26319,-0.803192
11265000,-31113,-0.949493
11275000,-32765,-0.999908
11285000,-31113,-0.949493
11295000,-26319,-0.803192
11305000,-19195,-0.585785
11315000,-9896,-0.302002
11325000,0,0.000000
11335000,9896,0.302002
11345000,19195,0.585785
11355000,26319,0.803192
11365000,31113,0.949493
11375000,32765,0.999908
11385000,31113,0.949493
11395000,26319,0.803192
11405000,19195,0.585785
11415000,9896,0.302002
11425000,0,0.000000
11435000,-9896,-0.302002
11445000,-19195,-0.585785
11455000,-26319,-0.803192
11465000,-31113,-0.949493
11475000,-32765,-0.999908
11485000,-31113,-0.949493
11495000,-26319,-0.803192
11505000,-19195,-0.585785
11515000,-9896,-0.302002
11525000,0,0.000000
11535000,9896,0.302002
11545000,19195,0.585785
11555000,26319,0.803192
11565000,31113,0.949493
11575000,32765,0.999908
11585000,31113,0.949493
11595000,26319,0.803192
11605000,19195,0.585785
11615000,9896,0.302002
11625000,0,0.000000
11635000,-9896,-0.302002
11645000,-19195,-0.585785
11655000,-26319,-0.803192
11665000,-31113,-0.949493
11675000,-32765,-0.999908
11685000,-31113,-0.949493
11695000,-26319,-0.803192
11705000,-19195,-0.585785
11715000,-9896,-0.302002
11725000,0,0.000000
11735000,9896,0.302002
11745000,19195,0.585785
11755000,26319,0.803192
11765000,31113,0.949493
11775000,32765,0.999908
11785000,31113,0.949493
11795000,26319,0.803192
11805000,19195,0.585785
11815000,9896,0.302002
11825000,0,0.000000
11835000,-9896,-0.302002
11845000,-19195,-0.585785
11855000,-26319,-0.803192
11865000,-31113,-0.949493
11875000,-32765,-0.999908
11885000,-31113,-0.949493
11895000,-26319,-0.803192
11905000,-19195,-0.585785
11915000,-9896,-0.302002
11925000,0,0.000000
11935000,9896,0.302002
11945000,19195,0.585785
11955000,26319,0.803192
11965000,31113,0.949493
11975000,32765,0.999908
11985000,31113,0.949493
11995000,26319,0.803192
12005000,19195,0.585785
12015000,9896,0.302002
12025000,0,0.000000
12035000,-9896,-0.302002
12045000,-19195,-0.585785
12055000,-26319,-0.803192
12065000,-31113,-0.949493
12075000,-32765,-0.999908
12085000,-31113,-0.949493
12095000,-26319,-0.803192
12105000,-19195,-0.585785
12115000,-9896,-0.302002
12125000,0,0.000000
12135000,9896,0.302002
12145000,19195,0.585785
12155000,26319,0.803192
12165000,31113,0.949493
12175000,32765,0.999908
12185000,31113,0.949493
12195000,26319,0.803192
12205000,19195,0.585785
12215000,9896,0.302002
12225000,0,0.000000
12235000,-9896,-0.302002
12245000,-19195,-0.585785
12255000,-26319,-0.803192
12265000,-31113,-0.949493
12275000,-32765,-0.999908
12285000,-31113,-0.949493
12295000,-26319,-0.803192
12305000,-19195,-0.585785
12315000,-9896,-0.302002
12325000,0,0.000000
12335000,9896,0.302002
12345000,19195,0.585785
12355000,26319,0.803192
12365000,31113,0.949493
12375000,32765,0.999908
12385000,31113,0.949493
12395000,26319,0.803192
12405000,19195,0.585785
12415000,9896,0.302002
12425000,0,0.000000
12435000,-9896,-0.302002
12445000,-19195,-0.585785
12455000,-26319,-0.803192
12465000,-31113,-0.949493
12475000,-32765,-0.999908
12485000,-31113,-0.949493
12495000,-26319,-0.803192
12505000,-19195,-0.585785
12515000,-9896,-0.302002
12525000,0,0.000000
12535000,9896,0.302002
12545000,19195,0.585785
12555000,26319,0.803192
12565000,31113,0.949493
12575000,32765,0.999908
12585000,31113,0.949493
12595000,26319,0.803192
12605000,19195,0.585785
12615000,9896,0.302002
12625000,0,0.000000
12635000,-9896,-0.302002
12645000,-19195,-0.585785
12655000,-26319,-0.803192
12665000,-31113,-0.949493
12675000,-32765,-0.999908
12685000,-31113,-0.949493
12695000,-26319,-0.803192
12705000,-19195,-0.585785
12715000,-9896,-0.302002
12725000,0,0.000000
12735000,9896,0.302002
12745000,19195,0.585785
12755000,26319,0.803192
12765000,31113,0.949493
12775000,32765,0.999908
12785000,31113,0.949493
12795000,26319,0.803192
12805000,19195,0.585785
12815000,9896,0.302002
12825000,0,0.000000
12835000,-9896,-0.302002
12845000,-19195,-0.585785
12855000,-26319,-0.803192
12865000,-31113,-0.949493
12875000,-32765,-0.999908
12885000,-31113,-0.949493
12895000,-26319,-0.803192
12905000,-19195,-0.585785
12915000,-9896,-0.302002
12925000,0,0.000000
12935000,9896,0.302002
12945000,19195,0.585785
12955000,26319,0.803192
12965000,31113,0.949493
12975000,32765,0.999908
12985000,31113,0.949493
12995000,26319,0.803192
13005000,19195,0.585785
13015000,9896,0.302002
13025000,0,0.000000
13035000,-9896,-0.302002
13045000,-19195,-0.585785
13055000,-26319,-0.803192
13065000,-31113,-0.949493
13075000,-32765,-0.999908
13085000,-31113,-0.949493
13095000,-26319,-0.803192
13105000,-19195,-0.585785
13115000,-9896,-0.302002
13125000,0,0.000000
13135000,9896,0.302002
13145000,19195,0.585785
13155000,26319,0.803192
13165000,31113,0.949493
13175000,32765,0.999908
13185000,31113,0.949493
13195000,26319,0.803192
13205000,19195,0.585785
13215000,9896,0.302002
13225000,0,0.000000
13235000,-9896,-0.302002
13245000,-19195,-0.585785
13255000,-26319,-0.803192
13265000,-31113,-0.949493
13275000,-32765,-0.999908
13285000,-31113,-0.949493
13295000,-26319,-0.803192
13305000,-19195,-0.585785
13315000,-9896,-0.302002
13325000,0,0.000000
13335000,9896,0.302002
13345000,19195,0.585785
13355000,26319,0.803192
13365000,31113,0.949493
13375000,32765,0.999908
13385000,31113,0.949493
13395000,26319,0.803192
13405000,19195,0.585785
13415000,9896,0.302002
13425000,0,0.000000
13435000,-9896,-0.302002
13445000,-19195,-0.585785
13455000,-26319,-0.803192
13465000,-31113,-0.949493
13475000,-32765,-0.999908
13485000,-31113,-0.949493
13495000,-26319,-0.803192
13505000,-19195,-0.585785
13515000,-9896,-0.302002
13525000,0,0.000000
13535000,9896,0.302002
13545000,19195,0.585785
13555000,26319,0.803192
13565000,31113,0.949493
13575000,32765,0.999908
13585000,31113,0.949493
13595000,26319,0.803192
13605000,19195,0.585785
13615000,9896,0.302002
13625000,0,0.000000
13635000,-9896,-0.302002
13645000,-19195,-0.585785
13655000,-26319,-0.803192
13665000,-31113,-0.949493
13675000,-32765,-0.999908
13685000,-31113,-0.949493
13695000,-26319,-0.803192
13705000,-19195,-0.585785
13715000,-9896,-0.302002
13725000,0,0.000000
13735000,9896,0.302002
13745000,19195,0.585785
13755000,26319,0.803192
13765000,31113,0.949493
13775000,32765,0.999908
13785000,31113,0.949493
13795000,26319,0.803192
13805000,19195,0.585785
13815000,9896,0.302002
13825000,0,0.000000
13835000,-9896,-0.302002
13845000,-19195,-0.585785
13855000,-26319,-0.803192
13865000,-31113,-0.949493
13875000,-32765,-0.999908
13885000,-31113,-0.949493
13895000,-26319,-0.803192
13905000,-19195,-0.585785
13915000,-9896,-0.302002
13925000,0,0.000000
13935000,9896,0.302002
13945000,19195,0.585785
13955000,26319,0.803192
13965000,31113,0.949493
13975000,32765,0.999908
13985000,31113,0.949493
13995000,26319,0.803192
14005000,19195,0.585785
14015000,9896,0.302002
14025000,0,0.000000
14035000,-9896,-0.302002
14045000,-19195,-0.585785
14055000,-26319,-0.803192
14065000,-31113,-0.949493
14075000,-32765,-0.999908
14085000,-31113,-0.949493
14095000,-26319,-0.803192
14105000,-19195,-0.585785
14115000,-9896,-0.302002
14125000,0,0.000000
14135000,9896,0.302002
14145000,19195,0.585785
14155000,26319,0.803192
14165000,31113,0.949493
14175000,32765,0.999908
14185000,31113,0.949493
14195000,26319,0.803192
14205000,19195,0.585785
14215000,9896,0.302002
14225000,0,0.000000
14235000,-9896,-0.302002
14245000,-19195,-0.585785
14255000,-26319,-0.803192
14265000,-31113,-0.949493
14275000,-32765,-0.999908
14285000,-31113,-0.949493
14295000,-26319,-0.803192
14305000,-19195,-0.585785
14315000,-9896,-0.302002
14325000,0,0.000000
14335000,9896,0.302002
14345000,19195,0.585785
14355000,26319,0.803192
14365000,31113,0.949493
14375000,32765,0.999908
14385000,31113,0.949493
14395000,26319,0.803192
14405000,19195,0.585785
14415000,9896,0.302002
14425000,0,0.000000
14435000,-9896,-0.302002
14445000,-19195,-0.585785
14455000,-26319,-0.803192
14465000,-31113,-0.949493
14475000,-32765,-0.999908
14485000,-31113,-0.949493
14495000,-26319,-0.803192
14505000,-19195,-0.585785
14515000,-9896,-0.302002
14525000,0,0.000000
14535000,9896,0.302002
14545000,19195,0.585785
14555000,26319,0.803192
14565000,31113,0.949493
14575000,32765,0.999908
14585000,31113,0.949493
14595000,26319,0.803192
14605000,19195,0.585785
14615000,9896,0.302002
14625000,0,0.000000
14635000,-9896,-0.302002
14645000,-19195,-0.585785
14655000,-26319,-0.803192
14665000,-31113,-0.949493
14675000,-32765,-0.999908
14685000,-31113,-0.949493
14695000,-26319,-0.803192
14705000,-19195,-0.585785
14715000,-9896,-0.302002
14725000,0,0.000000
14735000,9896,0.302002
14745000,19195,0.585785
14755000,26319,0.803192
14765000,31113,0.949493
14775000,32765,0.999908
14785000,31113,0.949493
14795000,26319,0.803192
14805000,19195,0.585785
14815000,9896,0.302002
14825000,0,0.000000
14835000,-9896,-0.302002
14845000,-19195,-0.585785
14855000,-26319,-0.803192
14865000,-31113,-0.949493
14875000,-32765,-0.999908
14885000,-31113,-0.949493
14895000,-26319,-0.803192
14905000,-19195,-0.585785
14915000,-9896,-0.302002
14925000,0,0.000000
14935000,9896,0.302002
14945000,19195,0.585785
14955000,26319,0.803192
14965000,31113,0.949493
14975000,32765,0.999908
14985000,31113,0.949493
14995000,26319,0.803192
15005000,19195,0.585785
15015000,9896,0.302002
15025000,0,0.000000
15035000,-9896,-0.302002
15045000,-19195,-0.585785
15055000,-26319,-0.803192
15065000,-31113,-0.949493
15075000,-32765,-0.999908
15085000,-31113,-0.949493
15095000,-26319,-0.803192
15105000,-19195,-0.585785
16125000,2009,0.061310
16135000,0,0.000000
16145000,-4011,-0.122406
16155000,-7962,-0.242981
16165000,-11793,-0.359894
16175000,-15446,-0.471375
16185000,-19195,-0.585785
16195000,-22301,-0.680573
16205000,-25072,-0.765137
16215000,-27466,-0.838196
16225000,-29621,-0.903961
16235000,-31113,-0.949493
16245000,-32137,-0.980743
16255000,-32678,-0.997253
16265000,-32678,-0.997253
16275000,-32137,-0.980743
16285000,-31113,-0.949493
16295000,-29621,-0.903961
16305000,-27466,-0.838196
16315000,-25072,-0.765137
16325000,-22301,-0.680573
16335000,-19195,-0.585785
16345000,-15446,-0.471375
16355000,-11793,-0.359894
16365000,-7962,-0.242981
16375000,-4011,-0.122406
16385000,0,0.000000
16395000,4011,0.122406
16405000,7962,0.242981
16415000,11793,0.359894
16425000,15446,0.471375
16435000,19195,0.585785
16445000,22301,0.680573
16455000,25072,0.765137
16465000,27466,0.838196
16475000,29621,0.903961
16485000,31113,0.949493
16495000,32137,0.980743
16505000,32678,0.997253
16515000,32678,0.997253
16525000,32137,0.980743
16535000,31113,0.949493
16545000,29621,0.903961
16555000,27466,0.838196
16565000,25072,0.765137
16575000,22301,0.680573
16585000,19195,0.585785
16595000,15446,0.471375
16605000,11793,0.359894
16615000,7962,0.242981
16625000,4011,0.122406
16635000,0,0.000000
16645000,-4011,-0.122406
16655000,-7962,-0.242981
16665000,-11793,-0.359894
16675000,-15446,-0.471375
16685000,-19195,-0.585785
16695000,-22301,-0.680573
16705000,-25072,-0.765137
16715000,-27466,-0.838196
16725000,-29621,-0.903961
16735000,-31113,-0.949493
16745000,-32137,-0.980743
16755000,-32678,-0.997253
16765000,-32678,-0.997253
16775000,-32137,-0.980743
16785000,-31113,-0.949493
16795000,-29621,-0.903961
16805000,-27466,-0.838196
16815000,-25072,-0.765137
16825000,-22301,-0.680573
16835000,-19195,-0.585785
16845000,-15446,-0.471375
16855000,-11793,-0.359894
16865000,-7962,-0.242981
16875000,-4011,-0.122406
16885000,0,0.000000
16895000,4011,0.122406
16905000,7962,0.242981
16915000,11793,0.359894
16925000,15446,0.471375
16935000,19195,0.585785
16945000,22301,0.680573
16955000,25072,0.765137
16965000,27466,0.838196
16975000,29621,0.903961
16985000,31113,0.949493
16995000,32137,0.980743
17005000,32678,0.997253
17015000,32678,0.997253
17025000,32137,0.980743
17035000,31113,0.949493
17045000,29621,0.903961
17055000,27466,0.838196
17065000,25072,0.765137
17075000,22301,0.680573
17085000,19195,0.585785
17095000,15446,0.471375
17105000,11793,0.359894
17115000,7962,0.242981
17125000,4011,0.122406
17135000,0,0.000000
17145000,-7962,-0.242981
17155000,-15446,-0.471375
17165000,-22301,-0.680573
17175000,-27466,-0.838196
17185000,-31113,-0.949493
17195000,-32678,-0.997253
17205000,-32137,-0.980743
17215000,-29621,-0.903961
17225000,-25072,-0.765137
17235000,-19195,-0.585785
17245000,-11793,-0.359894
17255000,-4011,-0.122406
17265000,4011,0.122406
17275000,11793,0.359894
17285000,19195,0.585785
17295000,25072,0.765137
17305000,29621,0.903961
17315000,32137,0.980743
17325000,32678,0.997253
17335000,31113,0.949493
17345000,27466,0.838196
17355000,22301,0.680573
17365000,15446,0.471375
17375000,7962,0.242981
17385000,0,0.000000
17395000,-7962,-0.242981
17405000,-15446,-0.471375
17415000,-22301,-0.680573
17425000,-27466,-0.838196
17435000,-31113,-0.949493
17445000,-32678,-0.997253
17455000,-32137,-0.980743
17465000,-29621,-0.903961
17475000,-25072,-0.765137
17485000,-19195,-0.585785
17495000,-11793,-0.359894
17505000,-4011,-0.122406
17515000,4011,0.122406
17525000,11793,0.359894
17535000,19195,0.585785
17545000,25072,0.765137
17555000,29621,0.903961
17565000,32137,0.980743
17575000,32678,0.997253
17585000,31113,0.949493
17595000,27466,0.838196
17605000,22301,0.680573
17615000,15446,0.471375
17625000,7962,0.242981
17635000,0,0.000000
17645000,-7962,-0.242981
17655000,-15446,-0.471375
17665000,-22301,-0.680573
17675000,-27466,-0.838196
17685000,-31113,-0.949493
17695000,-32678,-0.997253
17705000,-32137,-0.980743
17715000,-29621,-0.903961
17725000,-25072,-0.765137
17735000,-19195,-0.585785
17745000,-11793,-0.359894
17755000,-4011,-0.122406
17765000,4011,0.122406
17775000,11793,0.359894
17785000,19195,0.585785
17795000,25072,0.765137
17805000,29621,0.903961
17815000,32137,0.980743
17825000,32678,0.997253
17835000,31113,0.949493
17845000,27466,0.838196
17855000,22301,0.680573
17865000,15446,0.471375
17875000,7962,0.242981
17885000,0,0.000000
17895000,-7962,-0.242981
17905000,-15446,-0.471375
17915000,-22301,-0.680573
17925000,-27466,-0.838196
17935000,-31113,-0.949493
17945000,-32678,-0.997253
17955000,-32137,-0.980743
17965000,-29621,-0.903961
17975000,-25072,-0.765137
17985000,-19195,-0.585785
17995000,-11793,-0.359894
18005000,-4011,-0.122406
18015000,4011,0.122406
18025000,11793,0.359894
18035000,19195,0.585785
18045000,25072,0.765137
18055000,29621,0.903961
18065000,32137,0.980743
18075000,32678,0.997253
18085000,31113,0.949493
18095000,27466,0.838196
18105000,22301,0.680573
18115000,15446,0.471375
18125000,7962,0.242981
18135000,0,0.000000
18145000,-11793,-0.359894
18155000,-22301,-0.680573
18165000,-29621,-0.903961
18175000,-32678,-0.997253
18185000,-31113,-0.949493
18195000,-25072,-0.765137
18205000,-15446,-0.471375
18215000,-4011,-0.122406
18225000,7962,0.242981
18235000,19195,0.585785
18245000,27466,0.838196
18255000,32137,0.980743
18265000,32137,0.980743
18275000,27466,0.838196
18285000,19195,0.585785
18295000,7962,0.242981
18305000,-4011,-0.122406
18315000,-15446,-0.471375
18325000,-25072,-0.765137
18335000,-31113,-0.949493
18345000,-32678,-0.997253
18355000,-29621,-0.903961
18365000,-22301,-0.680573
18375000,-11793,-0.359894
18385000,0,0.000000
18395000,11793,0.359894
18405000,22301,0.680573
18415000,29621,0.903961
18425000,32678,0.997253
18435000,31113,0.949493
18445000,25072,0.765137
18455000,15446,0.471375
18465000,4011,0.122406
18475000,-7962,-0.242981
18485000,-19195,-0.585785
18495000,-27466,-0.838196
18505000,-32137,-0.980743
18515000,-32137,-0.980743
18525000,-27466,-0.838196
18535000,-19195,-0.585785
18545000,-7962,-0.242981
18555000,4011,0.122406
18565000,15446,0.471375
18575000,25072,0.765137
18585000,31113,0.949493
18595000,32678,0.997253
18605000,29621,0.903961
18615000,22301,0.680573
18625000,11793,0.359894
18635000,0,0.000000
18645000,-11793,-0.359894
18655000,-22301,-0.680573
18665000,-29621,-0.903961
18675000,-32678,-0.997253
18685000,-31113,-0.949493
18695000,-25072,-0.765137
18705000,-15446,-0.471375
18715000,-4011,-0.122406
18725000,7962,0.242981
18735000,19195,0.585785
18745000,27466,0.838196
18755000,32137,0.980743
18765000,32137,0.980743
18775000,27466,0.838196
18785000,19195,0.585785
18795000,7962,0.242981
18805000,-4011,-0.122406
18815000,-15446,-0.471375
18825000,-25072,-0.765137
18835000,-31113,-0.949493
18845000,-32678,-0.997253
18855000,-29621,-0.903961
18865000,-22301,-0.680573
18875000,-11793,-0.359894
18885000,0,0.000000
18895000,11793,0.359894
18905000,22301,0.680573
18915000,29621,0.903961
18925000,32678,0.997253
18935000,31113,0.949493
18945000,25072,0.765137
18955000,15446,0.471375
18965000,4011,0.122406
18975000,-7962,-0.242981
18985000,-19195,-0.585785
18995000,-27466,-0.838196
19005000,-32137,-0.980743
19015000,-32137,-0.980743
19025000,-27466,-0.838196
19035000,-19195,-0.585785
19045000,-7962,-0.242981
19055000,4011,0.122406
19065000,15446,0.471375
19075000,25072,0.765137
19085000,31113,0.949493
19095000,32678,0.997253
19105000,29621,0.903961
19115000,22301,0.680573
19125000,11793,0.359894
19135000,0,0.000000
19145000,-15446,-0.471375
19155000,-27466,-0.838196
19165000,-32678,-0.997253
19175000,-29621,-0.903961
19185000,-19195,-0.585785
19195000,-4011,-0.122406
19205000,11793,0.359894
19215000,25072,0.765137
19225000,32137,0.980743
19235000,31113,0.949493
19245000,22301,0.680573
19255000,7962,0.242981
19265000,-7962,-0.242981
19275000,-22301,-0.680573
19285000,-31113,-0.949493
19295000,-32137,-0.980743
19305000,-25072,-0.765137
19315000,-11793,-0.359894
19325000,4011,0.122406
19335000,19195,0.585785
19345000,29621,0.903961
19355000,32678,0.997253
19365000,27466,0.838196
19375000,15446,0.471375
19385000,0,0.000000
19395000,-15446,-0.471375
19405000,-27466,-0.838196
19415000,-32678,-0.997253
19425000,-29621,-0.903961
19435000,-19195,-0.585785
19445000,-4011,-0.122406
19455000,11793,0.359894
19465000,25072,0.765137
19475000,32137,0.980743
19485000,31113,0.949493
19495000,22301,0.680573
19505000,7962,0.242981
19515000,-7962,-0.242981
19525000,-22301,-0.680573
19535000,-31113,-0.949493
19545000,-32137,-0.980743
19555000,-25072,-0.765137
19565000,-11793,-0.359894
19575000,4011,0.122406
19585000,19195,0.585785
19595000,29621,0.903961
19605000,32678,0.997253
19615000,27466,0.838196
19625000,15446,0.471375
19635000,0,0.000000
19645000,-15446,-0.471375
19655000,-27466,-0.838196
19665000,-32678,-0.997253
19675000,-29621,-0.903961
19685000,-19195,-0.585785
19695000,-4011,-0.122406
19705000,11793,0.359894
19715000,25072,0.765137
19725000,32137,0.980743
19735000,31113,0.949493
19745000,22301,0.680573
19755000,7962,0.242981
19765000,-7962,-0.242981
19775000,-22301,-0.680573
19785000,-31113,-0.949493
19795000,-32137,-0.980743
19805000,-25072,-0.765137
19815000,-11793,-0.359894
19825000,4011,0.122406
19835000,19195,0.585785
19845000,29621,0.903961
19855000,32678,0.997253
19865000,27466,0.838196
19875000,15446,0.471375
19885000,0,0.000000
19895000,-15446,-0.471375
19905000,-27466,-0.838196
19915000,-32678,-0.997253
19925000,-29621,-0.903961
19935000,-19195,-0.585785
19945000,-4011,-0.122406
19955000,11793,0.359894
19965000,25072,0.765137
19975000,32137,0.980743
19985000,31113,0.949493
19995000,22301,0.680573
20005000,7962,0.242981
20015000,-7962,-0.242981
20025000,-22301,-0.680573
20035000,-31113,-0.949493
20045000,-32137,-0.980743
20055000,-25072,-0.765137
20065000,-11793,-0.359894
20075000,4011,0.122406
20085000,19195,0.585785
20095000,29621,0.903961
20105000,32678,0.997253
20115000,27466,0.838196
20125000,15446,0.471375
20135000,0,0.000000
20145000,-19195,-0.585785
20155000,-31113,-0.949493
20165000,-31113,-0.949493
20175000,-19195,-0.585785
20185000,0,0.000000
20195000,19195,0.585785
20205000,31113,0.949493
20215000,31113,0.949493
20225000,19195,0.585785
20235000,0,0.000000
20245000,-19195,-0.585785
20255000,-31113,-0.949493
20265000,-31113,-0.949493
20275000,-19195,-0.585785
20285000,0,0.000000
20295000,19195,0.585785
20305000,31113,0.949493
20315000,31113,0.949493
20325000,19195,0.585785
20335000,0,0.000000
20345000,-19195,-0.585785
20355000,-31113,-0.949493
20365000,-31113,-0.949493
20375000,-19195,-0.585785
20385000,0,0.000000
20395000,19195,0.585785
20405000,31113,0.949493
20415000,31113,0.949493
20425000,19195,0.585785
20435000,0,0.000000
20445000,-19195,-0.585785
20455000,-31113,-0.949493
20465000,-31113,-0.949493
20475000,-19195,-0.585785
20485000,0,0.000000
20495000,19195,0.585785
20505000,31113,0.949493
20515000,31113,0.949493
20525000,19195,0.585785
20535000,0,0.000000
20545000,-19195,-0.585785
20555000,-31113,-0.949493
20565000,-31113,-0.949493
20575000,-19195,-0.585785
20585000,0,0.000000
20595000,19195,0.585785
20605000,31113,0.949493
20615000,31113,0.949493
20625000,19195,0.585785
20635000,0,0.000000
20645000,-19195,-0.585785
20655000,-31113,-0.949493
20665000,-31113,-0.949493
20675000,-19195,-0.585785
20685000,0,0.000000
20695000,19195,0.585785
20705000,31113,0.949493
20715000,31113,0.949493
20725000,19195,0.585785
20735000,0,0.000000
20745000,-19195,-0.585785
20755000,-31113,-0.949493
20765000,-31113,-0.949493
20775000,-19195,-0.585785
20785000,0,0.000000
20795000,19195,0.585785
20805000,31113,0.949493
20815000,31113,0.949493
20825000,19195,0.585785
20835000,0,0.000000
20845000,-19195,-0.585785
20855000,-31113,-0.949493
20865000,-31113,-0.949493
20875000,-19195,-0.585785
20885000,0,0.000000
20895000,19195,0.585785
20905000,31113,0.949493
20915000,31113,0.949493
20925000,19195,0.585785
20935000,0,0.000000
20945000,-19195,-0.585785
20955000,-31113,-0.949493
20965000,-31113,-0.949493
20975000,-19195,-0.585785
20985000,0,0.000000
20995000,19195,0.585785
21005000,31113,0.949493
21015000,31113,0.949493
21025000,19195,0.585785
21035000,0,0.000000
21045000,-19195,-0.585785
21055000,-31113,-0.949493
21065000,-31113,-0.949493
21075000,-19195,-0.585785
21085000,0,0.000000
21095000,19195,0.585785
21105000,31113,0.949493
21115000,31113,0.949493
